{
    "fx": 659.8716062769448,
    "fy": 655.3391830839329,
    "cx": 653.693977249118,
    "cy": 409.03136837399006
}