{
    "fx": 647.4166092710025,
    "fy": 646.8321696569694,
    "cx": 643.3849859932274,
    "cy": 408.977454853881
}