{
    "fx": 638.8623679055881,
    "fy": 638.431766993173,
    "cx": 666.418435237556,
    "cy": 406.82300079692976
}