{
    "fx": 648.3888327133575,
    "fy": 647.8447303620259,
    "cx": 638.1967040658296,
    "cy": 402.0831967028396
}