{
    "1": {
        "kp_3d": {
            "center": [
                -0.076241,
                -0.022713,
                0.030475
            ],
            "c1": [
                -0.3895,
                -0.35195,
                -0.477878
            ],
            "c2": [
                0.39397,
                -0.35195,
                -0.477878
            ],
            "c3": [
                0.39397,
                0.333357,
                -0.477878
            ],
            "c4": [
                -0.3895,
                0.333357,
                -0.477878
            ],
            "c5": [
                -0.3895,
                -0.35195,
                0.494393
            ],
            "c6": [
                0.39397,
                -0.35195,
                0.494393
            ],
            "c7": [
                0.39397,
                0.333357,
                0.494393
            ],
            "c8": [
                -0.3895,
                0.333357,
                0.494393
            ]
        },
        "diameter": 1.424353,
        "min_x": -0.3895,
        "min_y": -0.35195,
        "min_z": -0.477878,
        "max_x": 0.39397,
        "max_y": 0.333357,
        "max_z": 0.494393,
        "size_x": 0.78347,
        "size_y": 0.685307,
        "size_z": 0.972271
    }
}